{
  "open_angles": {
    "Thumb": 177.65096136084804,
    "Index": 176.36418782725883,
    "Middle": 177.33937614034477,
    "Ring": 174.31828026983604,
    "Pinky": 178.81674826936353
  },
  "fist_angles": {
    "Thumb": 87.44255979015486,
    "Index": 82.12671059278986,
    "Middle": 89.84483523506634,
    "Ring": 105.72164435624742,
    "Pinky": 105.49559384127824
  }
}